{
    "name": "PL_Copy_SQL_to_Parquet_Incremental_Child",
    "properties": {
        "activities": [
            {
                "name": "Get_Metadata_Exists",
                "type": "GetMetadata",
                "dependsOn": [],
                "policy": {
                    "retry": 0,
                    "retryIntervalInSeconds": 30,
                    "secureOutput": false,
                    "secureInput": false
                },
                "userProperties": [],
                "typeProperties": {
                    "dataset": {
                        "referenceName": "generic_write_Parquet",
                        "type": "DatasetReference",
                        "parameters": {
                            "container": "bronze",
                            "filepath": "@pipeline().parameters.targetpath",
                            "file_name": "@concat(if(empty(pipeline().parameters.tablename), 'default_table', split(pipeline().parameters.tablename, '.')[1]), '.parquet')"
                        }
                    },
                    "fieldList": [
                        "exists"
                    ]
                }
            },
            {
                "name": "Set_FileExists",
                "type": "SetVariable",
                "dependsOn": [
                    {
                        "activity": "Get_Metadata_Exists",
                        "dependencyConditions": [
                            "Succeeded"
                        ]
                    }
                ],
                "policy": {
                    "secureOutput": false,
                    "secureInput": false
                },
                "userProperties": [],
                "typeProperties": {
                    "variableName": "fileExists",
                    "value": {
                        "value": "@activity('Get_Metadata_Exists').output.exists",
                        "type": "Expression"
                    }
                }
            },
            {
                "name": "If_FileExists_Archive",
                "type": "IfCondition",
                "dependsOn": [
                    {
                        "activity": "Set_FileExists",
                        "dependencyConditions": [
                            "Succeeded"
                        ]
                    }
                ],
                "userProperties": [],
                "typeProperties": {
                    "expression": {
                        "value": "@variables('fileExists')",
                        "type": "Expression"
                    },
                    "ifTrueActivities": [
                        {
                            "name": "Archive_Existing_File",
                            "type": "Copy",
                            "dependsOn": [],
                            "policy": {
                                "retry": 0,
                                "retryIntervalInSeconds": 30,
                                "secureOutput": false,
                                "secureInput": false
                            },
                            "userProperties": [],
                            "typeProperties": {
                                "source": {
                                    "type": "BinarySource"
                                },
                                "sink": {
                                    "type": "BinarySink"
                                },
                                "enableStaging": false
                            },
                            "inputs": [
                                {
                                    "referenceName": "generic_write_Parquet",
                                    "type": "DatasetReference",
                                    "parameters": {
                                        "container": "bronze",
                                        "filepath": "@pipeline().parameters.targetpath",
                                        "file_name": "@concat(if(empty(pipeline().parameters.tablename), 'default_table', split(pipeline().parameters.tablename, '.')[1]), '.parquet')"
                                    }
                                }
                            ],
                            "outputs": [
                                {
                                    "referenceName": "generic_write_Parquet",
                                    "type": "DatasetReference",
                                    "parameters": {
                                        "container": "bronze",
                                        "filepath": "@concat(pipeline().parameters.targetpath, '/archive/', formatDateTime(utcNow(), 'yyyy/MM/dd'))",
                                        "file_name": "@concat(if(empty(pipeline().parameters.tablename), 'default_table', split(pipeline().parameters.tablename, '.')[1]), '.parquet')"
                                    }
                                }
                            ]
                        }
                    ]
                }
            },
            {
                "name": "Copy_Incremental",
                "type": "Copy",
                "dependsOn": [
                    {
                        "activity": "If_FileExists_Archive",
                        "dependencyConditions": [
                            "Succeeded"
                        ]
                    }
                ],
                "policy": {
                    "retry": 0,
                    "retryIntervalInSeconds": 30,
                    "secureOutput": false,
                    "secureInput": false
                },
                "userProperties": [],
                "typeProperties": {
                    "source": {
                        "type": "SqlSource",
                        "sqlReaderQuery": {
                            "value": "@concat('SELECT * FROM [', if(empty(pipeline().parameters.tablename), 'default_schema', split(pipeline().parameters.tablename, '.')[0]), '].[', if(empty(pipeline().parameters.tablename), 'default_table', split(pipeline().parameters.tablename, '.')[1]), '] WHERE ', pipeline().parameters.watermark, ' > ''', pipeline().parameters.last_watermark, '''')",
                            "type": "Expression"
                        },
                        "partitionOption": "None"
                    },
                    "sink": {
                        "type": "ParquetSink",
                        "storeSettings": {
                            "type": "AzureBlobStorageWriteSettings"
                        },
                        "formatSettings": {
                            "type": "ParquetWriteSettings"
                        }
                    },
                    "enableStaging": false
                },
                "inputs": [
                    {
                        "referenceName": "generic_sql_db",
                        "type": "DatasetReference",
                        "parameters": {
                            "schema_name": "@if(empty(pipeline().parameters.tablename), 'default_schema', split(pipeline().parameters.tablename, '.')[0])",
                            "table_name": "@if(empty(pipeline().parameters.tablename), 'default_table', split(pipeline().parameters.tablename, '.')[1])",
                            "db_name": "@pipeline().parameters.database"
                        }
                    }
                ],
                "outputs": [
                    {
                        "referenceName": "generic_write_Parquet",
                        "type": "DatasetReference",
                        "parameters": {
                            "container": "bronze",
                            "filepath": "@pipeline().parameters.targetpath",
                            "file_name": {
                                "value": "@concat(if(empty(pipeline().parameters.tablename), 'default_table', split(pipeline().parameters.tablename, '.')[1]))",
                                "type": "Expression"
                            }
                        }
                    }
                ]
            }
        ],
        "parameters": {
            "tablename": {
                "type": "String"
            },
            "database": {
                "type": "String"
            },
            "targetpath": {
                "type": "String"
            },
            "watermark": {
                "type": "String"
            },
            "last_watermark": {
                "type": "String"
            }
        },
        "variables": {
            "fileExists": {
                "type": "Boolean"
            }
        },
        "annotations": []
    }
}