{
    "name": "PL_Copy_SQL_to_Parquet_Parent",
    "properties": {
        "activities": [
            {
                "name": "Lookup_Config",
                "type": "Lookup",
                "dependsOn": [],
                "policy": {
                    "retry": 0,
                    "retryIntervalInSeconds": 30,
                    "secureOutput": false,
                    "secureInput": false
                },
                "userProperties": [],
                "typeProperties": {
                    "source": {
                        "type": "DelimitedTextSource"
                    },
                    "dataset": {
                        "referenceName": "generic_read_flat_files",
                        "type": "DatasetReference",
                        "parameters": {
                            "container": "configs",
                            "filepath": "emr",
                            "file_name": "load_config.csv"
                        }
                    },
                    "firstRowOnly": false
                }
            },
            {
                "name": "ForEach_Config",
                "type": "ForEach",
                "dependsOn": [
                    {
                        "activity": "Lookup_Config",
                        "dependencyConditions": [
                            "Succeeded"
                        ]
                    }
                ],
                "userProperties": [],
                "typeProperties": {
                    "items": {
                        "value": "@activity('Lookup_Config').output.value",
                        "type": "Expression"
                    },
                    "activities": [
                        {
                            "name": "If_LoadType_Full",
                            "type": "IfCondition",
                            "dependsOn": [],
                            "userProperties": [],
                            "typeProperties": {
                                "expression": {
                                    "value": "@equals(toLower(item().loadtype), 'full')",
                                    "type": "Expression"
                                },
                                "ifFalseActivities": [
                                    {
                                        "name": "Execute_Incremental_Child",
                                        "type": "ExecutePipeline",
                                        "dependsOn": [],
                                        "policy": {
                                            "secureInput": false
                                        },
                                        "userProperties": [],
                                        "typeProperties": {
                                            "pipeline": {
                                                "referenceName": "PL_Copy_SQL_to_Parquet_Incremental_Child",
                                                "type": "PipelineReference"
                                            },
                                            "parameters": {
                                                "tablename": {
                                                    "value": "@item().tablename",
                                                    "type": "Expression"
                                                },
                                                "database": {
                                                    "value": "@item().database",
                                                    "type": "Expression"
                                                },
                                                "targetpath": {
                                                    "value": "@item().targetpath",
                                                    "type": "Expression"
                                                },
                                                "watermark": {
                                                    "value": "@item().watermark",
                                                    "type": "Expression"
                                                },
                                                "last_watermark": {
                                                    "value": "@pipeline().parameters.last_watermark",
                                                    "type": "Expression"
                                                }
                                            }
                                        }
                                    }
                                ],
                                "ifTrueActivities": [
                                    {
                                        "name": "Copy_Full",
                                        "type": "Copy",
                                        "dependsOn": [],
                                        "policy": {
                                            "retry": 0,
                                            "retryIntervalInSeconds": 30,
                                            "secureOutput": false,
                                            "secureInput": false
                                        },
                                        "userProperties": [],
                                        "typeProperties": {
                                            "source": {
                                                "type": "SqlSource",
                                                "sqlReaderQuery": {
                                                    "value": "@concat('SELECT * FROM ', item().tablename)",
                                                    "type": "Expression"
                                                },
                                                "partitionOption": "None"
                                            },
                                            "sink": {
                                                "type": "ParquetSink"
                                            },
                                            "enableStaging": false
                                        },
                                        "inputs": [
                                            {
                                                "referenceName": "generic_sql_db",
                                                "type": "DatasetReference",
                                                "parameters": {
                                                    "schema_name": "@split(item().tablename, '.')[0]",
                                                    "table_name": "@split(item().tablename, '.')[1]",
                                                    "db_name": "@item().database"
                                                }
                                            }
                                        ],
                                        "outputs": [
                                            {
                                                "referenceName": "generic_write_Parquet",
                                                "type": "DatasetReference",
                                                "parameters": {
                                                    "container": "bronze",
                                                    "filepath": "@item().targetpath",
                                                    "file_name": "@split(item().tablename,'.')[1]"
                                                }
                                            }
                                        ]
                                    }
                                ]
                            }
                        }
                    ]
                }
            }
        ],
        "parameters": {
            "last_watermark": {
                "type": "String",
                "defaultValue": "2024-01-01T00:00:00Z"
            }
        },
        "annotations": []
    }
}