{
    "now": "2025-05-18T18:39:19.970Z",
    "perfNow": 27607782.599999994,
    "diagnosticCorrelation": "43bc5b97-ef4c-49d5-89e0-9108681cb344",
    "source": "DownloadSupportFiles",
    "environment": {
        "productName": "adf",
        "buildVersion": "1.0.050825.12",
        "environmentType": 3,
        "resourceName": "dfpracticercm",
        "resourceRegion": "eastus",
        "resourceGroup": "ayushi_practice",
        "subscriptionId": "d06f187d-c824-4201-8460-2070ea4a931d",
        "sessionId": "bW/y5UfcZrknBY+/jwQ7ix",
        "operationId": "",
        "gitType": "live",
        "loggingKey": "35d70a50-9812-4e93-8389-3006ac1b5399"
    },
    "additionalInfo": {
        "selectedResource": "PL_Copy_SQL_to_Parquet_Parent",
        "selectedResourceType": "pipeline"
    }
}