{
    "name": "generic_sql_db",
    "properties": {
        "linkedServiceName": {
            "referenceName": "AzureSqlDatabase1",
            "type": "LinkedServiceReference",
            "parameters": {
                "db_name": {
                    "value": "@dataset().db_name",
                    "type": "Expression"
                }
            }
        },
        "parameters": {
            "schema_name": {
                "type": "String"
            },
            "table_name": {
                "type": "String"
            },
            "db_name": {
                "type": "String"
            }
        },
        "annotations": [],
        "type": "AzureSqlTable",
        "schema": [],
        "typeProperties": {
            "schema": {
                "value": "@dataset().schema_name",
                "type": "Expression"
            },
            "table": {
                "value": "@dataset().table_name",
                "type": "Expression"
            }
        }
    },
    "type": "Microsoft.DataFactory/factories/datasets"
}