{
    "name": "generic_write_Parquet",
    "properties": {
        "linkedServiceName": {
            "referenceName": "AzureBlobStorage1",
            "type": "LinkedServiceReference"
        },
        "parameters": {
            "container": {
                "type": "String"
            },
            "filepath": {
                "type": "String"
            },
            "file_name": {
                "type": "String"
            }
        },
        "annotations": [],
        "type": "Parquet",
        "typeProperties": {
            "location": {
                "type": "AzureBlobStorageLocation",
                "fileName": {
                    "value": "@dataset().file_name",
                    "type": "Expression"
                },
                "folderPath": {
                    "value": "@dataset().filepath",
                    "type": "Expression"
                },
                "container": {
                    "value": "@dataset().container",
                    "type": "Expression"
                }
            },
            "compressionCodec": "snappy"
        },
        "schema": []
    },
    "type": "Microsoft.DataFactory/factories/datasets"
}